insert into Estudiante values ('10029327', 'siuuuUuwuU');
insert into Estudiante values ('10087700', 'e0asjc8sa');
insert into Estudiante values ('10092887', 'flexin090');
insert into Estudiante values ('10027210', 'larosalia');
insert into Estudiante values ('10077721', 'bichomidios');

insert into Profesor values ('990231', 'socratesXD');
insert into Profesor values ('990103', 'fibonacciA');
insert into Profesor values ('990237', 'cristoRey');
insert into Profesor values ('990832', 'beyonce:v');

insert into Asignatura values ('Filosofia', '990231');
insert into Asignatura values ('Calculo Vectorial', '990103');
insert into Asignatura values ('Base de Datos', '990237');
insert into Asignatura values ('Comunicaciones y Redes', '990832');

insert into NotaXEstudiante values ('10087700', 'Filosofia', 4.5);
insert into NotaXEstudiante values ('10087700', 'Calculo Vectorial', 2.94);
insert into NotaXEstudiante values ('10087700', 'Base de datos', 4.2);
insert into NotaXEstudiante values ('10087700', 'Comunicaciones y Redes', 3.5);
insert into NotaXEstudiante values ('10029327', 'Filosofia', 3.5);
insert into NotaXEstudiante values ('10029327', 'Calculo Vectorial', 2.2);
insert into NotaXEstudiante values ('10029327', 'Base de datos', 4.1);
insert into NotaXEstudiante values ('10029327', 'Comunicaciones y Redes', 1.4);
insert into NotaXEstudiante values ('10092887', 'Filosofia', 4.9);
insert into NotaXEstudiante values ('10092887', 'Calculo Vectorial', 3.9);
insert into NotaXEstudiante values ('10092887', 'Base de datos', 4.44);
insert into NotaXEstudiante values ('10092887', 'Comunicaciones y Redes', 3.72);
insert into NotaXEstudiante values ('10027210', 'Filosofia', 3.2);
insert into NotaXEstudiante values ('10027210', 'Calculo Vectorial', 4.64);
insert into NotaXEstudiante values ('10027210', 'Base de datos', 3.25);
insert into NotaXEstudiante values ('10027210', 'Comunicaciones y Redes', 3.63);
insert into NotaXEstudiante values ('10077721', 'Filosofia', 2.8);
insert into NotaXEstudiante values ('10077721', 'Calculo Vectorial', 3.0);
insert into NotaXEstudiante values ('10077721', 'Base de datos', 3.1);
insert into NotaXEstudiante values ('10077721', 'Comunicaciones y Redes', 2.9);
